-- phpMyAdmin SQL Dump
-- version 4.7.7
-- https://www.phpmyadmin.net/
--
-- Хост: 127.0.0.1:3306
-- Время создания: Окт 17 2018 г., 11:05
-- Версия сервера: 5.7.20
-- Версия PHP: 7.2.0

SET SQL_MODE = "NO_AUTO_VALUE_ON_ZERO";
SET AUTOCOMMIT = 0;
START TRANSACTION;
SET time_zone = "+00:00";


/*!40101 SET @OLD_CHARACTER_SET_CLIENT=@@CHARACTER_SET_CLIENT */;
/*!40101 SET @OLD_CHARACTER_SET_RESULTS=@@CHARACTER_SET_RESULTS */;
/*!40101 SET @OLD_COLLATION_CONNECTION=@@COLLATION_CONNECTION */;
/*!40101 SET NAMES utf8mb4 */;

--
-- База данных: `equipment`
--

--
-- Дамп данных таблицы `agencies`
--

INSERT INTO `agencies` (`id`, `title`, `created_at`, `updated_at`) VALUES
(1, 'Дивизион', '2018-10-14 22:35:37', '2018-10-14 22:35:37'),
(2, 'Арбат', '2018-10-14 22:35:42', '2018-10-14 22:35:42'),
(3, 'Скб', '2018-10-14 22:35:48', '2018-10-14 22:35:48');

--
-- Дамп данных таблицы `equipment_types`
--

INSERT INTO `equipment_types` (`id`, `title`, `created_at`, `updated_at`) VALUES
(1, 'Шкаф', '2018-10-14 23:48:37', '2018-10-14 23:48:37'),
(2, 'Полка', '2018-10-14 23:48:41', '2018-10-14 23:52:42'),
(3, 'Тумба', '2018-10-14 23:48:48', '2018-10-14 23:48:48');

--
-- Дамп данных таблицы `migrations`
--

INSERT INTO `migrations` (`id`, `migration`, `batch`) VALUES
(1, '2014_10_12_000000_create_users_table', 1),
(2, '2014_10_12_100000_create_password_resets_table', 1),
(3, '2018_10_12_083126_create_stores_table', 1),
(4, '2018_10_13_121725_create_agencies_table', 1),
(5, '2018_10_15_035314_create_equipment_types_table', 1),
(6, '2018_10_15_060850_create_task_types_table', 1),
(7, '2018_10_15_075037_create_status_types_table', 1),
(8, '2018_10_16_061446_create_status_logs_table', 1),
(9, '2018_10_16_063626_create_tasks_table', 1);

--
-- Дамп данных таблицы `status_logs`
--

INSERT INTO `status_logs` (`id`, `task_id`, `status_type_id`, `created_at`, `updated_at`) VALUES
(1, 1, 7, '2018-10-17 00:53:48', '2018-10-17 00:53:48'),
(2, 1, 8, '2018-10-17 00:54:01', '2018-10-17 00:54:01'),
(3, 1, 9, '2018-10-17 00:54:22', '2018-10-17 00:54:22'),
(4, 1, 11, '2018-10-17 00:54:31', '2018-10-17 00:54:31'),
(5, 1, 12, '2018-10-17 00:54:33', '2018-10-17 00:54:33'),
(6, 1, 11, '2018-10-17 00:54:35', '2018-10-17 00:54:35'),
(7, 1, 12, '2018-10-17 00:55:53', '2018-10-17 00:55:53'),
(8, 1, 11, '2018-10-17 00:55:55', '2018-10-17 00:55:55'),
(9, 1, 13, '2018-10-17 00:56:07', '2018-10-17 00:56:07'),
(10, 1, 14, '2018-10-17 00:56:11', '2018-10-17 00:56:11'),
(11, 1, 15, '2018-10-17 00:56:24', '2018-10-17 00:56:24'),
(12, 2, 16, '2018-10-17 00:59:56', '2018-10-17 00:59:56'),
(13, 3, 25, '2018-10-17 01:00:03', '2018-10-17 01:00:03'),
(14, 3, 26, '2018-10-17 01:00:33', '2018-10-17 01:00:33'),
(15, 3, 28, '2018-10-17 01:00:51', '2018-10-17 01:00:51');

--
-- Дамп данных таблицы `status_types`
--

INSERT INTO `status_types` (`id`, `title`, `description`, `auto_next`, `required`, `next`, `cancel`, `callback`, `created_at`, `updated_at`) VALUES
(7, 'Черновик', 'Установка нового оборудования', 1, 'store_id,equipment_type_id', 8, NULL, NULL, '2018-10-15 06:47:47', '2018-10-15 06:48:57'),
(8, 'Новая заявка', 'Установка нового оборудования', 0, 'agency_id', 9, 10, NULL, '2018-10-15 06:48:46', '2018-10-15 06:50:24'),
(9, 'Обработка', 'Установка нового оборудования', 0, 'order_code', 11, NULL, NULL, '2018-10-15 06:49:33', '2018-10-15 06:51:22'),
(10, 'Отклонена', 'Установка нового оборудования', 0, '', 8, NULL, NULL, '2018-10-15 06:50:10', '2018-10-15 06:50:10'),
(11, 'Передано агентству', 'Установка нового оборудования', 0, 'date,logistic_code', 13, 12, NULL, '2018-10-15 06:51:11', '2018-10-15 06:52:57'),
(12, 'Отклонено агентством', 'Установка нового оборудования', 0, '', 11, NULL, NULL, '2018-10-15 06:52:02', '2018-10-15 06:52:02'),
(13, 'Транспортировка', 'Установка нового оборудования', 0, '', 14, NULL, NULL, '2018-10-15 06:52:48', '2018-10-15 06:53:21'),
(14, 'Ожидает отзыва', 'Установка нового оборудования', 0, 'mark,comment', 15, NULL, NULL, '2018-10-15 06:53:14', '2018-10-15 07:03:06'),
(15, 'Завершено', 'Установка нового оборудования', 0, '', NULL, NULL, NULL, '2018-10-15 06:54:38', '2018-10-15 06:55:25'),
(16, 'Черновик', 'Ремонт оборудования', 1, 'store_id,equipment_type_id', 17, NULL, NULL, '2018-10-15 06:56:58', '2018-10-15 06:57:51'),
(17, 'Новая заявка', 'Ремонт оборудования', 0, 'agency_id', 19, 18, NULL, '2018-10-15 06:57:41', '2018-10-15 06:59:01'),
(18, 'Отклонена', 'Ремонт оборудования', 0, '', 17, NULL, NULL, '2018-10-15 06:58:15', '2018-10-15 06:58:15'),
(19, 'Обработка', 'Ремонт оборудования', 0, 'order_code', 20, NULL, NULL, '2018-10-15 06:58:49', '2018-10-15 06:59:54'),
(20, 'Передано агентству', 'Ремонт оборудования', 0, 'date', 22, 21, NULL, '2018-10-15 06:59:30', '2018-10-15 07:01:11'),
(21, 'Отклонено агентством', 'Ремонт оборудования', 0, '', 20, NULL, NULL, '2018-10-15 07:00:18', '2018-10-15 07:00:18'),
(22, 'В ремонте', 'Ремонт оборудования', 0, '', 23, NULL, NULL, '2018-10-15 07:01:02', '2018-10-15 07:02:47'),
(23, 'Ожидает отзыва', 'Ремонт оборудования', 0, 'mark,comment', 24, NULL, NULL, '2018-10-15 07:02:38', '2018-10-15 07:03:32'),
(24, 'Завершено', 'Ремонт оборудования', 0, '', NULL, NULL, NULL, '2018-10-15 07:03:22', '2018-10-15 07:03:22'),
(25, 'Черновик', 'Перемещение оборудования', 1, 'store_id,destination_store_id,equipment_type_id', 26, NULL, NULL, '2018-10-15 07:04:46', '2018-10-15 07:05:12'),
(26, 'Новая заявка', 'Перемещение оборудования', 0, 'agency_id', 28, 27, NULL, '2018-10-15 07:04:59', '2018-10-15 07:07:07'),
(27, 'Отклонена', 'Перемещение оборудования', 0, '', 26, NULL, NULL, '2018-10-15 07:05:40', '2018-10-15 07:05:40'),
(28, 'Обработка', 'Перемещение оборудования', 0, 'order_code', NULL, NULL, NULL, '2018-10-15 07:05:55', '2018-10-15 07:05:55'),
(29, 'Передано агентству', 'Перемещение оборудования', 0, 'date', 31, 30, NULL, '2018-10-15 07:06:23', '2018-10-15 07:07:48'),
(30, 'Отклонено агентством', 'Перемещение оборудования', 0, '', 29, NULL, NULL, '2018-10-15 07:06:36', '2018-10-15 07:06:36'),
(31, 'Транспортировка', 'Перемещение оборудования', 0, '', 32, NULL, NULL, '2018-10-15 07:07:42', '2018-10-15 07:08:22'),
(32, 'Ожидает отзыва', 'Перемещение оборудования', 0, 'mark,comment', 33, NULL, NULL, '2018-10-15 07:08:14', '2018-10-15 07:08:40'),
(33, 'Завершено', 'Перемещение оборудования', 0, '', NULL, NULL, NULL, '2018-10-15 07:08:34', '2018-10-15 07:08:34');

--
-- Дамп данных таблицы `stores`
--

INSERT INTO `stores` (`id`, `title`, `created_at`, `updated_at`) VALUES
(1, 'ДНС', '2018-10-14 22:34:44', '2018-10-14 22:34:44'),
(2, 'Мегаполис', '2018-10-14 22:34:56', '2018-10-14 22:34:56'),
(3, 'Раздолье', '2018-10-14 22:35:16', '2018-10-14 22:35:16');

--
-- Дамп данных таблицы `tasks`
--

INSERT INTO `tasks` (`id`, `title`, `type_id`, `store_id`, `destination_store_id`, `date`, `logistic_code`, `equipment_type_id`, `agency_id`, `order_code`, `mark`, `comment`, `created_at`, `updated_at`) VALUES
(1, 'Первая задача', 1, 2, NULL, '2018-10-17', 3221, 2, 2, '123', 4, '123', '2018-10-17 00:53:48', '2018-10-17 00:56:19'),
(2, 'Вторая задача', 3, NULL, NULL, NULL, NULL, NULL, NULL, NULL, NULL, NULL, '2018-10-17 00:59:56', '2018-10-17 00:59:56'),
(3, 'Третья задача', 4, 1, 3, NULL, NULL, 3, 2, NULL, NULL, NULL, '2018-10-17 01:00:03', '2018-10-17 01:00:45');

--
-- Дамп данных таблицы `task_types`
--

INSERT INTO `task_types` (`id`, `title`, `description`, `start_status_id`, `created_at`, `updated_at`) VALUES
(1, 'Установка нового оборудования', 'Заявка на установку нового оборудования', 7, '2018-10-15 01:22:02', '2018-10-15 06:47:58'),
(3, 'Ремонт оборудования', 'Заявка на ремонт оборудования', 16, '2018-10-15 07:04:00', '2018-10-15 07:04:00'),
(4, 'Перемещение оборудования', 'Перемещение оборудования из одной торговой точки в другую', 25, '2018-10-15 07:09:14', '2018-10-15 07:09:14');

--
-- Дамп данных таблицы `users`
--

INSERT INTO `users` (`id`, `name`, `email`, `email_verified_at`, `password`, `remember_token`, `created_at`, `updated_at`) VALUES
(1, 'Nikita', 'fuchko.nikita@gmail.com', NULL, '$2y$10$rSjQjwq1WTlLwSkXSoK0ROqawYYAbKJlAf9cu3yjllsLJplwUpu8u', NULL, '2018-10-17 00:38:44', '2018-10-17 00:38:44');
COMMIT;

/*!40101 SET CHARACTER_SET_CLIENT=@OLD_CHARACTER_SET_CLIENT */;
/*!40101 SET CHARACTER_SET_RESULTS=@OLD_CHARACTER_SET_RESULTS */;
/*!40101 SET COLLATION_CONNECTION=@OLD_COLLATION_CONNECTION */;
